campaign_id,audience_segment,impressions,clicks,spend,conversions,ctr,revenue
1,Segment_C,1190,2643,4841.73,291,222.10084033613447,29100
2,Segment_D,11492,4350,125.74,428,37.85241907413853,53500
3,Segment_A,36743,3868,605.16,102,10.527175244264214,5100
4,Segment_C,7102,4188,1641.52,474,58.96930442128978,47400
5,Segment_C,20778,3873,4056.41,267,18.63990759457118,26700
